{"cameraMode":{"drawMode":0,"name":"Shaded","section":"Shading Mode"},"sceneLighting":true,"audioPlay":false,"sceneViewState":{"m_AlwaysRefresh":false,"showFog":true,"showSkybox":true,"showFlares":true,"showImageEffects":true,"showParticleSystems":true,"showVisualEffectGraphs":true,"m_FxEnabled":true},"in2DMode":false,"pivot":{"x":133.1734619140625,"y":61.00981903076172,"z":-218.2838134765625},"rotation":{"x":0.04591904208064079,"y":-0.15668612718582154,"z":0.007231584284454584,"w":0.9866052269935608},"size":53.109432220458987,"orthographic":false}